-- phpMyAdmin SQL Dump
-- version 5.1.0
-- https://www.phpmyadmin.net/
--
-- Host: db
-- Generation Time: May 15, 2021 at 04:15 AM
-- Server version: 10.3.28-MariaDB-1:10.3.28+maria~focal
-- PHP Version: 7.4.16

SET SQL_MODE = "NO_AUTO_VALUE_ON_ZERO";
START TRANSACTION;
SET time_zone = "+07:00";


/*!40101 SET @OLD_CHARACTER_SET_CLIENT=@@CHARACTER_SET_CLIENT */;
/*!40101 SET @OLD_CHARACTER_SET_RESULTS=@@CHARACTER_SET_RESULTS */;
/*!40101 SET @OLD_COLLATION_CONNECTION=@@COLLATION_CONNECTION */;
/*!40101 SET NAMES utf8mb4 */;

--
-- Database: `cluster0`
--

-- --------------------------------------------------------

--
-- Table structure for table `TTS_Employee`
--

CREATE TABLE `TTS_Employee` (
  `emp_id` int(20) NOT NULL COMMENT '1',
  `emp_number` varchar(4) NOT NULL COMMENT '6245',
  `emp_fname` varchar(30) CHARACTER SET utf8mb4 NOT NULL COMMENT 'ชุติมา',
  `emp_lname` varchar(30) CHARACTER SET utf8mb4 NOT NULL COMMENT 'ฟักประไพ',
  `emp_department` int(11) NOT NULL COMMENT 'ผู้ดูแลระบบ',
  `emp_phone_number` varchar(10) NOT NULL COMMENT '0986721665',
  `emp_username` varchar(20) DEFAULT NULL,
  `emp_password` varchar(255) DEFAULT NULL COMMENT '252543',
  `emp_status` int(11) NOT NULL COMMENT '1 = on , 2 = off'
) ENGINE=InnoDB DEFAULT CHARSET=latin1;

--
-- Dumping data for table `TTS_Employee`
--

INSERT INTO `TTS_Employee` (`emp_id`, `emp_number`, `emp_fname`, `emp_lname`, `emp_department`, `emp_phone_number`, `emp_username`, `emp_password`, `emp_status`) VALUES
(1, '0017', 'ชุติมา', 'ฟักประไพ', 1, '0986721665', 'palmmy', 'e5be0adbdfa65bc1e9556b81c050c85c', 1),
(2, '0002', 'ชาคริต', 'บุญประเสริฐ', 1, '0925215235', 'chakrit', '202cb962ac59075b964b07152d234b70', 1),
(3, '0003', 'กษมา', 'ดอนวงษ์', 2, '0234567894', NULL, NULL, 1),
(4, '0004', 'ณัฐนันท์', 'อมรเลิศวิทย์', 2, '0972875012', NULL, NULL, 1),
(5, '0005', 'ณัฐภัทร', 'จาตุรัส', 2, '0888814668', NULL, NULL, 1),
(6, '0006', 'จีรศักดิ์', 'บุญธรรม', 2, '0943953508', NULL, NULL, 1),
(7, '0007', 'พฎาศรัย', 'แก้วทันคำ', 2, '0225665789', NULL, NULL, 1),
(18, '0008', 'นันทสิริ', 'สายแวว', 2, '0234567894', NULL, NULL, 1),
(19, '0009', 'อภิญญา', 'ผดุงกิจ', 2, '0254789876', NULL, NULL, 1),
(20, '0010', 'Chakrit', 'Boonprasert', 1, '0859902157', 'jay', 'e5be0adbdfa65bc1e9556b81c050c85c', 1),
(21, '0011', 'Jeerasak', 'Se', 2, '0456987589', NULL, NULL, 1),
(34, '0013', 'thanakiat', 'gusgus', 1, '0234567894', 'gusgus', '202cb962ac59075b964b07152d234b70', 2),
(35, '0014', 'seksan', 'ivsoft', 1, '0215698746', 'seksan', 'c4ca4238a0b923820dcc509a6f75849b', 1),
(36, '0025', 'cha55', 'krit555', 2, '0859902558', 'cha', '202cb962ac59075b964b07152d234b70', 2),
(37, '0016', 'thana', 'kiat', 1, '051555698', 'kait', '15de21c670ae7c3f6f3f1f37029303c9', 1);

-- --------------------------------------------------------

--
-- Table structure for table `TTS_History_Log`
--

CREATE TABLE `TTS_History_Log` (
  `hl_id` int(11) NOT NULL,
  `hl_old_attendance` time DEFAULT NULL,
  `hl_new_attendance` time DEFAULT NULL,
  `hl_old_departure` time DEFAULT NULL,
  `hl_new_departure` time DEFAULT NULL,
  `hl_emp_id` int(11) NOT NULL,
  `hl_reason` varchar(255) CHARACTER SET utf8 NOT NULL,
  `hl_tl_id` int(11) NOT NULL,
  `hl_edit_time` timestamp NOT NULL DEFAULT current_timestamp() ON UPDATE current_timestamp()
) ENGINE=InnoDB DEFAULT CHARSET=latin1;

--
-- Dumping data for table `TTS_History_Log`
--

INSERT INTO `TTS_History_Log` (`hl_id`, `hl_old_attendance`, `hl_new_attendance`, `hl_old_departure`, `hl_new_departure`, `hl_emp_id`, `hl_reason`, `hl_tl_id`, `hl_edit_time`) VALUES
(12, '07:21:00', '08:21:00', '16:21:00', '16:21:00', 20, 'test2', 79, '2021-05-13 09:22:27'),
(13, '07:39:00', '08:39:00', '14:39:00', '15:39:00', 1, 'test', 80, '2021-05-13 09:43:36'),
(14, '10:46:03', '07:46:00', '17:46:06', '17:46:00', 1, 'ลืมลงเวลา', 67, '2021-05-13 13:13:33'),
(15, '07:50:36', '07:50:00', '14:39:31', '22:39:00', 1, 'เครื่องแสกนค้าง', 70, '2021-05-13 13:56:44'),
(16, '07:26:35', '07:26:00', '17:26:39', '17:26:00', 1, 'test', 58, '2021-05-14 11:08:05'),
(17, '20:09:00', '20:09:00', '22:09:00', '01:09:00', 1, 'test2', 109, '2021-05-14 11:09:41'),
(18, '07:24:00', '07:24:00', '20:24:00', '23:24:00', 1, 'ลงเวลาผิดพลาด', 111, '2021-05-14 16:27:14'),
(19, '07:24:00', '08:10:00', '23:24:00', '23:24:00', 1, 'test', 111, '2021-05-14 16:27:33'),
(20, '08:10:00', '08:01:00', '23:24:00', '23:24:00', 1, 'test', 111, '2021-05-14 16:27:43'),
(21, '08:01:00', '08:00:00', '23:24:00', '23:24:00', 1, 'test', 111, '2021-05-14 16:27:53'),
(22, '10:46:03', '10:46:00', '17:46:06', '20:46:00', 1, 'ลงเวลาผิดพลาด', 135, '2021-05-15 03:43:00');

-- --------------------------------------------------------

--
-- Table structure for table `TTS_Timelog`
--

CREATE TABLE `TTS_Timelog` (
  `tl_id` int(20) NOT NULL COMMENT '1',
  `tl_day` date NOT NULL COMMENT '21/04/2021',
  `tl_attendence` time DEFAULT NULL COMMENT '07:00',
  `tl_departure` time DEFAULT NULL COMMENT '17:00',
  `tl_emp_id` int(20) NOT NULL COMMENT '1',
  `tl_status` int(11) DEFAULT NULL COMMENT '1 = ไม่สาย 2 = สาย',
  `tl_fix_time` int(11) NOT NULL COMMENT '1 = ระบบ 2 = คน',
  `tl_reason` varchar(255) CHARACTER SET utf8 NOT NULL COMMENT 'ลืมบัตร'
) ENGINE=InnoDB DEFAULT CHARSET=latin1;

--
-- Dumping data for table `TTS_Timelog`
--

INSERT INTO `TTS_Timelog` (`tl_id`, `tl_day`, `tl_attendence`, `tl_departure`, `tl_emp_id`, `tl_status`, `tl_fix_time`, `tl_reason`) VALUES
(48, '2021-05-11', '07:07:00', '13:13:00', 1, 1, 2, 'ลืม'),
(49, '2021-05-11', '08:07:26', '15:07:28', 2, 2, 1, ''),
(50, '2021-05-11', '07:47:31', '17:07:33', 3, 1, 1, ''),
(51, '2021-05-11', '07:55:36', '18:39:05', 4, 1, 1, ''),
(52, '2021-05-11', '07:58:41', '17:08:18', 5, 1, 1, ''),
(53, '2021-05-11', '07:31:56', '17:23:59', 6, 1, 1, ''),
(54, '2021-05-11', '10:08:09', '17:08:12', 7, 2, 1, ''),
(55, '2021-05-11', '07:44:22', '18:44:27', 18, 1, 1, ''),
(56, '2021-05-11', '12:08:32', '17:08:36', 19, 2, 1, ''),
(57, '2021-05-11', '07:56:39', '19:08:47', 20, 1, 1, ''),
(58, '2021-05-12', '09:27:35', '17:26:39', 1, 2, 2, ''),
(59, '2021-05-12', '07:52:42', '17:00:46', 3, 1, 1, ''),
(60, '2021-05-12', '10:26:49', '19:26:54', 4, 2, 1, ''),
(61, '2021-05-12', '13:26:58', '17:27:01', 5, 2, 1, ''),
(62, '2021-05-12', '07:50:04', '17:13:08', 6, 1, 1, ''),
(63, '2021-05-12', '07:08:11', '18:27:15', 18, 1, 1, ''),
(64, '2021-05-12', '08:27:17', '17:27:19', 19, 2, 1, ''),
(65, '2021-05-12', '07:27:22', '18:27:25', 20, 1, 1, ''),
(66, '2021-05-12', '07:59:28', '17:27:31', 21, 1, 1, ''),
(67, '2021-05-12', '10:46:03', '17:46:06', 2, 2, 1, ''),
(68, '2021-05-22', '10:40:00', '14:40:00', 1, 2, 2, 'ลืม'),
(69, '2021-05-13', '22:12:16', NULL, 1, 2, 1, ''),
(70, '2021-05-18', '15:57:00', '18:56:00', 1, 2, 2, 'ลืมบัตร'),
(71, '2021-04-30', '15:59:00', '20:56:00', 1, 2, 2, 'ลืมบัตร'),
(72, '2020-05-11', '07:07:00', '13:13:00', 1, 1, 2, 'ลืม'),
(73, '2020-05-11', '08:07:26', '15:07:28', 2, 2, 1, ''),
(74, '2020-05-11', '07:47:31', '17:07:33', 3, 1, 1, ''),
(75, '2020-05-11', '07:55:36', '18:39:05', 4, 1, 1, ''),
(76, '2020-05-11', '07:58:41', '17:08:18', 5, 1, 1, ''),
(77, '2020-05-11', '07:31:56', '17:23:59', 6, 1, 1, ''),
(78, '2020-05-11', '10:08:09', '17:08:12', 7, 2, 1, ''),
(79, '2020-05-11', '07:44:22', '18:44:27', 18, 1, 1, ''),
(80, '2020-05-11', '12:08:32', '17:08:36', 19, 2, 1, ''),
(81, '2020-05-11', '07:56:39', '19:08:47', 20, 1, 1, ''),
(82, '2020-05-12', '09:27:35', '17:26:39', 1, 2, 2, ''),
(83, '2020-05-12', '07:52:42', '17:00:46', 3, 1, 1, ''),
(84, '2020-05-12', '10:26:49', '19:26:54', 4, 2, 1, ''),
(85, '2020-05-12', '13:26:58', '17:27:01', 5, 2, 1, ''),
(86, '2020-05-12', '07:50:04', '17:13:08', 6, 1, 1, ''),
(87, '2020-05-12', '07:08:11', '18:27:15', 18, 1, 1, ''),
(88, '2020-05-12', '08:27:17', '17:27:19', 19, 2, 1, ''),
(89, '2020-05-12', '07:27:22', '18:27:25', 20, 1, 1, ''),
(90, '2020-05-12', '07:59:28', '17:27:31', 21, 1, 1, ''),
(91, '2020-05-12', '10:46:03', '17:46:06', 2, 2, 1, ''),
(92, '2020-05-13', '10:40:00', '14:40:00', 1, 2, 2, 'ลืม'),
(93, '2020-05-08', '22:12:16', NULL, 1, 2, 1, ''),
(94, '2020-05-18', '15:57:00', '18:56:00', 1, 2, 2, 'เครื่องค้าง'),
(95, '2020-03-20', '15:59:00', '20:56:00', 1, 2, 2, 'เครื่องค้าง'),
(96, '2021-04-01', '09:27:35', '17:26:39', 1, 2, 2, ''),
(97, '2021-04-01', '07:52:42', '17:00:46', 3, 1, 1, ''),
(98, '2021-04-01', '10:26:49', '19:26:54', 4, 2, 1, ''),
(99, '2021-04-01', '13:26:58', '17:27:01', 5, 2, 1, ''),
(100, '2021-04-01', '07:50:04', '17:13:08', 6, 1, 1, ''),
(101, '2021-04-01', '07:08:11', '18:27:15', 18, 1, 1, ''),
(102, '2021-04-01', '08:27:17', '17:27:19', 19, 2, 1, ''),
(103, '2021-04-01', '07:27:22', '18:27:25', 20, 1, 1, ''),
(104, '2021-04-01', '07:59:28', '17:27:31', 21, 1, 1, ''),
(105, '2021-04-01', '10:46:03', '17:46:06', 2, 2, 1, ''),
(106, '2021-04-02', '09:27:35', '17:26:39', 1, 2, 2, ''),
(107, '2021-04-02', '07:52:42', '17:00:46', 3, 1, 1, ''),
(108, '2021-04-02', '10:26:49', '19:26:54', 4, 2, 1, ''),
(109, '2021-04-02', '13:26:58', '17:27:01', 5, 2, 1, ''),
(110, '2021-04-02', '07:50:04', '17:13:08', 6, 1, 1, ''),
(111, '2021-04-02', '07:08:11', '18:27:15', 18, 1, 1, ''),
(112, '2021-04-02', '08:27:17', '17:27:19', 19, 2, 1, ''),
(113, '2021-04-02', '07:27:22', '18:27:25', 20, 1, 1, ''),
(114, '2021-04-02', '07:59:28', '17:27:31', 21, 1, 1, ''),
(115, '2021-04-02', '10:46:03', '17:46:06', 2, 2, 1, ''),
(116, '2021-04-03', '07:27:35', '17:26:39', 1, 1, 2, ''),
(117, '2021-04-03', '07:52:42', '17:00:46', 3, 1, 1, ''),
(118, '2021-04-03', '07:26:49', '19:26:54', 4, 1, 1, ''),
(119, '2021-04-03', '13:26:58', '17:27:01', 5, 2, 1, ''),
(120, '2021-04-03', '07:50:04', '17:13:08', 6, 1, 1, ''),
(121, '2021-04-03', '07:08:11', '18:27:15', 18, 1, 1, ''),
(122, '2021-04-03', '08:27:17', '17:27:19', 19, 2, 1, ''),
(123, '2021-04-03', '07:27:22', '18:27:25', 20, 1, 1, ''),
(124, '2021-04-03', '07:59:28', '17:27:31', 21, 1, 1, ''),
(125, '2021-04-03', '10:46:03', '17:46:06', 2, 2, 1, ''),
(126, '2021-04-06', '09:27:35', '17:26:39', 1, 2, 2, ''),
(127, '2021-04-06', '07:52:42', '17:00:46', 3, 1, 1, ''),
(128, '2021-04-06', '10:26:49', '19:26:54', 4, 2, 1, ''),
(129, '2021-04-06', '13:26:58', '17:27:01', 5, 2, 1, ''),
(130, '2021-04-06', '07:50:04', '17:13:08', 6, 1, 1, ''),
(131, '2021-04-06', '07:08:11', '18:27:15', 18, 1, 1, ''),
(132, '2021-04-06', '08:27:17', '17:27:19', 19, 2, 1, ''),
(133, '2021-04-06', '07:27:22', '18:27:25', 20, 1, 1, ''),
(134, '2021-04-06', '07:59:28', '17:27:31', 21, 1, 1, ''),
(135, '2021-04-06', '10:46:00', '20:46:00', 2, 2, 2, 'ลงเวลาผิดพลาด'),
(136, '2021-05-15', '14:43:00', '19:43:00', 2, 2, 2, 'ลืมลงเวลา'),
(137, '2021-05-15', '10:46:28', NULL, 1, 2, 1, ''),
(138, '2021-05-15', '10:46:34', NULL, 6, 2, 1, ''),
(139, '2021-05-15', '10:46:41', NULL, 18, 2, 1, ''),
(140, '2021-05-15', '10:46:44', NULL, 19, 2, 1, '');

--
-- Indexes for dumped tables
--

--
-- Indexes for table `TTS_Employee`
--
ALTER TABLE `TTS_Employee`
  ADD PRIMARY KEY (`emp_id`);

--
-- Indexes for table `TTS_History_Log`
--
ALTER TABLE `TTS_History_Log`
  ADD PRIMARY KEY (`hl_id`),
  ADD UNIQUE KEY `hl_tl_id` (`hl_id`);

--
-- Indexes for table `TTS_Timelog`
--
ALTER TABLE `TTS_Timelog`
  ADD PRIMARY KEY (`tl_id`);

--
-- AUTO_INCREMENT for dumped tables
--

--
-- AUTO_INCREMENT for table `TTS_Employee`
--
ALTER TABLE `TTS_Employee`
  MODIFY `emp_id` int(20) NOT NULL AUTO_INCREMENT COMMENT '1', AUTO_INCREMENT=38;

--
-- AUTO_INCREMENT for table `TTS_History_Log`
--
ALTER TABLE `TTS_History_Log`
  MODIFY `hl_id` int(11) NOT NULL AUTO_INCREMENT, AUTO_INCREMENT=23;

--
-- AUTO_INCREMENT for table `TTS_Timelog`
--
ALTER TABLE `TTS_Timelog`
  MODIFY `tl_id` int(20) NOT NULL AUTO_INCREMENT COMMENT '1', AUTO_INCREMENT=141;
COMMIT;

/*!40101 SET CHARACTER_SET_CLIENT=@OLD_CHARACTER_SET_CLIENT */;
/*!40101 SET CHARACTER_SET_RESULTS=@OLD_CHARACTER_SET_RESULTS */;
/*!40101 SET COLLATION_CONNECTION=@OLD_COLLATION_CONNECTION */;
